k,m,d,N,u,empirical_piT,empirical_piT_se,empirical_pi_s,empirical_pi_s_se,empirical_T_T,empirical_T_s,exact_T,exact_T_s,FST,exact_pi,exact_pi_s,exact_pi_s_var,exact_pi_T_var
1,1e-06,100,10000000000.0,1e-06,0.000195,3.1221945407037024e-05,5e-06,4.999987499984374e-06,99.78386,1.0,99.99999999990092,1.0,0.9899999999999901,0.00019999999999980184,2e-06,1.999998e-06,0.00020003939999980184
1,2.06663203862525e-06,100,10000000000.0,1e-06,0.00017,2.9152281214340664e-05,0.0,0.0,99.54862,1.0,99.99999999990092,1.0,0.9899999999999901,0.00019999999999980184,2e-06,1.999998e-06,0.00020003939999980184
1,4.2709679830723475e-06,100,10000000000.0,1e-06,0.000185,3.041099924369469e-05,0.0,0.0,100.274295,1.0,99.99999999990092,1.0,0.9899999999999901,0.00019999999999980184,2e-06,1.999998e-06,0.00020003939999980184
1,8.826519269759978e-06,100,10000000000.0,1e-06,0.00014,2.645566101990271e-05,0.0,0.0,99.68765,1.0,99.99999999990092,1.0,0.9899999999999901,0.00019999999999980184,2e-06,1.999998e-06,0.00020003939999980184
1,1.8241167512429113e-05,100,10000000000.0,1e-06,0.000225,3.353724608550917e-05,0.0,0.0,99.766645,1.0,99.99999999990092,1.0,0.9899999999999901,0.00019999999999980184,2e-06,1.999998e-06,0.00020003939999980184
1,3.769778120311598e-05,100,10000000000.0,1e-06,0.000195,3.122194540703703e-05,5e-06,4.999987499984374e-06,99.902255,1.0,99.99999999990092,1.0,0.9899999999999901,0.00019999999999980184,2e-06,1.999998e-06,0.00020003939999980184
1,7.79074424194442e-05,100,10000000000.0,1e-06,0.00021,3.240030092452846e-05,5e-06,4.999987499984374e-06,99.984755,1.0,99.99999999990092,1.0,0.9899999999999901,0.00019999999999980184,2e-06,1.999998e-06,0.00020003939999980184
1,0.00016100601655137526,100,10000000000.0,1e-06,0.0002,3.1619614165893926e-05,0.0,0.0,99.79681,1.0,99.99999999990092,1.0,0.9899999999999901,0.00019999999999980184,2e-06,1.999998e-06,0.00020003939999980184
1,0.000332740192216499,100,10000000000.0,1e-06,0.000175,2.9577810517345597e-05,0.0,0.0,99.90531,1.0,99.99999999990092,1.0,0.9899999999999901,0.00019999999999980184,2e-06,1.999998e-06,0.00020003939999980184
1,0.0006876515417729402,100,10000000000.0,1e-06,0.000235,3.427424506827248e-05,5e-06,4.999987499984374e-06,99.950765,1.0,99.99999999990092,1.0,0.9899999999999901,0.00019999999999980184,2e-06,1.999998e-06,0.00020003939999980184
1,0.0014211227076380076,100,10000000000.0,1e-06,0.000195,3.1221945407037024e-05,5e-06,4.999987499984373e-06,100.154425,1.0,99.99999999990092,1.0,0.9899999999999901,0.00019999999999980184,2e-06,1.999998e-06,0.00020003939999980184
1,0.0029369377184225672,100,10000000000.0,1e-06,0.000225,3.353724608550917e-05,0.0,0.0,100.147,1.0,99.99999999990092,1.0,0.9899999999999901,0.00019999999999980184,2e-06,1.999998e-06,0.00020003939999980184
1,0.006069569584339014,100,10000000000.0,1e-06,0.00023,3.3907749851619476e-05,0.0,0.0,99.85645,1.0,99.99999999990092,1.0,0.9899999999999901,0.00019999999999980184,2e-06,1.999998e-06,0.00020003939999980184
1,0.012543566963660348,100,10000000000.0,1e-06,0.000145,2.6923871842660365e-05,0.0,0.0,99.919025,1.0,99.99999999990092,1.0,0.9899999999999901,0.00019999999999980184,2e-06,1.999998e-06,0.00020003939999980184
1,0.02592293736574172,100,10000000000.0,1e-06,0.000185,3.0410999243694697e-05,0.0,0.0,99.80376,1.0,99.99999999990092,1.0,0.9899999999999901,0.00019999999999980184,2e-06,1.999998e-06,0.00020003939999980184
1,0.05357317289531737,100,10000000000.0,1e-06,0.00012,2.4493427689892647e-05,5e-06,4.9999874999843735e-06,100.108495,1.0,99.99999999990092,1.0,0.9899999999999901,0.00019999999999980184,2e-06,1.999998e-06,0.00020003939999980184
1,0.11071603551627271,100,10000000000.0,1e-06,0.000185,3.04109992436947e-05,0.0,0.0,100.40542,1.0,99.99999999990092,1.0,0.9899999999999901,0.00019999999999980184,2e-06,1.999998e-06,0.00020003939999980184
1,0.22880930618750026,100,10000000000.0,1e-06,0.0002,3.1619614165893926e-05,0.0,0.0,100.180075,1.0,99.99999999990092,1.0,0.9899999999999901,0.00019999999999980184,2e-06,1.999998e-06,0.00020003939999980184
1,0.4728646429027017,100,10000000000.0,1e-06,0.00027,3.6737385590158704e-05,0.0,0.0,100.04507,1.0,99.99999999990092,1.0,0.9899999999999901,0.00019999999999980184,2e-06,1.999998e-06,0.00020003939999980184
1,0.9772372209558107,100,10000000000.0,1e-06,0.00023,3.3907749851619476e-05,0.0,0.0,99.81697,1.0,99.99999999990092,1.0,0.9899999999999901,0.00019999999999980184,2e-06,1.999998e-06,0.00020003939999980184
2,1e-06,100,10000000000.0,1e-06,0.00019,3.0819141779095657e-05,5e-06,4.9999874999843735e-06,101.244305,1.999295,101.00019999940184,2.00019999959996,0.9801960788234894,0.00020200039999880367,4.00039999919992e-06,4.000404161199915e-06,0.00020203980616080366
2,2.06663203862525e-06,100,10000000000.0,1e-06,0.000185,3.04109992436947e-05,0.0,0.0,100.96114,2.000515,101.00041332515531,2.000413325353448,0.9801940085243669,0.0002020008266503106,4.000826650706896e-06,4.000830985501276e-06,0.00020204023298510496
2,4.2709679830723475e-06,100,10000000000.0,1e-06,0.000205,3.201233941779326e-05,0.0,0.0,100.831,2.00696,101.00085418955003,2.0008541897482086,0.9801897300195781,0.00020200170837910005,4.001708379496417e-06,4.001713071393192e-06,0.0002020411150709968
2,8.826519269759978e-06,100,10000000000.0,1e-06,0.000195,3.1221945407037024e-05,5e-06,4.999987499984374e-06,101.04946,2.00176,101.00176528787384,2.0017652880721073,0.9801808881026316,0.00020200353057574767,4.003530576144215e-06,4.0035360060401776e-06,0.00020204293800564363
2,1.8241167512429113e-05,100,10000000000.0,1e-06,0.00027,3.6737385590158704e-05,5e-06,4.9999874999843735e-06,100.968965,2.003995,101.00364816655525,2.0036481667537105,0.9801626158745307,0.00020200729633311048,4.007296333507421e-06,4.007303288575888e-06,0.00020204670528817896
2,3.769778120311598e-05,100,10000000000.0,1e-06,0.00021,3.240030092452846e-05,5e-06,4.9999874999843735e-06,100.85284,2.00598,101.00753927161571,2.007539271814559,0.9801248571513443,0.0002020150785432314,4.015078543629117e-06,4.01508865066681e-06,0.0002020544906502691
2,7.79074424194442e-05,100,10000000000.0,1e-06,0.000215,3.2783667808834335e-05,0.0,0.0,101.13815,2.012565,101.01558027416718,2.0155802743668247,0.9800468376373592,0.00020203116054833434,4.031160548733649e-06,4.0311771697270254e-06,0.00020207057916932773
2,0.00016100601655137526,100,10000000000.0,1e-06,0.000215,3.278366780883433e-05,5e-06,4.999987499984374e-06,101.05313,2.035965,101.03219601831503,2.0321960185162973,0.9798856592392795,0.00020206439203663006,4.064392037032594e-06,4.064422119954087e-06,0.00020210382411955154
2,0.000332740192216499,100,10000000000.0,1e-06,0.000175,2.9577810517345594e-05,5e-06,4.9999874999843735e-06,100.885655,2.05807,101.06652589481808,2.066525895022754,0.9795528155665167,0.00020213305178963615,4.133051790045508e-06,4.133109693723415e-06,0.00020217251169331405
2,0.0006876515417729402,100,10000000000.0,1e-06,0.00023,3.390774985161947e-05,0.0,0.0,101.01839,2.13903,101.13743573498654,2.1374357351982267,0.9788660279977929,0.00020227487146997307,4.274871470396453e-06,4.274986868896449e-06,0.00020231438886847305
2,0.0014211227076380076,100,10000000000.0,1e-06,0.00021,3.240030092452846e-05,1e-05,7.071032456438028e-06,100.93895,2.248325,101.28382062309397,2.283820623320156,0.9774512788985429,0.00020256764124618794,4.567641246640311e-06,4.567875463561946e-06,0.00020260727746310953
2,0.0029369377184225672,100,10000000000.0,1e-06,0.00024,3.463685897999413e-05,1e-05,7.071032456438029e-06,101.730215,2.53795,101.58566242247741,2.5856624227334875,0.9745469748281981,0.00020317132484495482,5.1713248454669745e-06,5.171804604031441e-06,0.00020321120660351925
2,0.006069569584339014,100,10000000000.0,1e-06,0.000235,3.427424506827248e-05,5e-06,4.9999874999843735e-06,101.95644,3.218885,102.20654598111726,3.206545981434797,0.9686268041772275,0.0002044130919622345,6.4130919628695944e-06,6.414079088127536e-06,0.00020445348108749233
2,0.012543566963660348,100,10000000000.0,1e-06,0.000235,3.427424506827248e-05,1e-05,7.0710324564380276e-06,103.554045,4.51175,103.47724517714784,4.477245177591161,0.9567320798893869,0.00020695449035429566,8.954490355182322e-06,8.956525470751005e-06,0.00020699592746986414
2,0.02592293736574172,100,10000000000.0,1e-06,0.000185,3.04109992436947e-05,1e-05,7.071032456438028e-06,106.27431,7.05201,106.050187734871,7.050187735569064,0.9335202710513368,0.000212100375469742,1.4100375471138126e-05,1.4104572140788735e-05,0.0002121439741393922
2,0.05357317289531737,100,10000000000.0,1e-06,0.00021,3.240030092452846e-05,5.5e-05,1.658266790959766e-05,111.14638,12.022355,111.1406176046959,12.140617605897917,0.8907634502349125,0.0002222812352093918,2.4281235211795835e-05,2.4289864440558405e-05,0.00022232926643815355
2,0.11071603551627271,100,10000000000.0,1e-06,0.00024,3.4636858979994134e-05,5.5e-05,1.6582667909597663e-05,121.04715,21.40982,120.69159899245336,21.691598994600945,0.8202725030102775,0.00024138319798490672,4.3383197989201885e-05,4.340070322067122e-05,0.00024144010521637448
2,0.22880930618750026,100,10000000000.0,1e-06,0.00023,3.3907749851619476e-05,0.00011,2.3450788899309974e-05,136.230895,37.220575,136.29112150563273,37.29112150932468,0.7263862744882946,0.00027258224301126546,7.458224301864936e-05,7.461581468010062e-05,0.0002726552166727139
2,0.4728646429027017,100,10000000000.0,1e-06,0.000315,3.9680018586185176e-05,6.5e-05,1.8027170465716465e-05,151.26598,51.286375,150.8527344611513,51.85273446628483,0.656269177675143,0.0003017054689223026,0.00010370546893256965,0.00010375579482802058,0.0003017951968177496
2,0.9772372209558107,100,10000000000.0,1e-06,0.00015,2.7384073838638397e-05,1.5e-05,8.660189085695535e-06,105.529655,6.476115,105.44892698511792,6.448926985756467,0.9388431236795173,0.00021089785397023584,1.2897853971512933e-05,1.290154077417684e-05,0.0002109409427728994
5,1e-06,100,10000000000.0,1e-06,0.000225,3.353724608550916e-05,1e-05,7.071032456438029e-06,103.836545,5.0048,104.00079999670444,5.0007999971995964,0.9519157545195993,0.00020800159999340888,1.0001599994399192e-05,1.0001670661601015e-05,0.0002080410726606107
5,2.06663203862525e-06,100,10000000000.0,1e-06,0.00018,2.9997299878489066e-05,5e-06,4.9999874999843735e-06,103.94013,4.98758,104.00165329971803,5.001653300213292,0.9519079443304691,0.00020800330659943606,1.0003306600426583e-05,1.0003377979291494e-05,0.00020804277997830097
5,4.2709679830723475e-06,100,10000000000.0,1e-06,0.000205,3.201233941779327e-05,1e-05,7.071032456438027e-06,104.011485,4.991835,104.00341675729638,5.003416757791799,0.9518918040022875,0.00020800683351459274,1.0006833515583597e-05,1.0006906365207891e-05,0.00020804630836421703
5,8.826519269759978e-06,100,10000000000.0,1e-06,0.000195,3.1221945407037024e-05,2e-05,9.999899999499994e-06,103.894085,5.01987,104.00706115059049,5.00706115108629,0.9518584498427791,0.00020801412230118097,1.001412230217258e-05,1.0014198191373626e-05,0.000208053600190382
5,1.8241167512429113e-05,100,10000000000.0,1e-06,0.0002,3.1619614165893926e-05,1e-05,7.071032456438028e-06,104.198805,5.00333,104.01459266531388,5.01459266581042,0.9517895274373107,0.00020802918533062775,1.0029185331620839e-05,1.0029267502757507e-05,0.00020806866950176444
5,3.769778120311598e-05,100,10000000000.0,1e-06,0.000175,2.9577810517345594e-05,5e-06,4.9999874999843735e-06,104.164015,5.04241,104.03015708555101,5.030157086049098,0.9516471259202997,0.000208060314171102,1.0060314172098195e-05,1.006040932674736e-05,0.00020809981132575116
5,7.79074424194442e-05,100,10000000000.0,1e-06,0.00019,3.081914177909566e-05,5e-06,4.999987499984374e-06,104.26396,5.083395,104.06232109574715,5.0623210962484135,0.9513529869126156,0.0002081246421914943,1.0124642192496827e-05,1.0124764183828374e-05,0.00020816416618282582
5,0.00016100601655137526,100,10000000000.0,1e-06,0.000225,3.353724608550917e-05,1.5e-05,8.660189085695533e-06,104.23577,5.14984,104.12878407231833,5.128784072826155,0.9507457604684583,0.00020825756814463664,1.025756814565231e-05,1.0257745617911997e-05,0.0002082971476168963
5,0.000332740192216499,100,10000000000.0,1e-06,0.000185,3.0410999243694697e-05,1.5e-05,8.660189085695535e-06,104.309185,5.230715,104.26610357828889,5.266103578810334,0.9494936187496807,0.00020853220715657777,1.0532207157620668e-05,1.0532499371251454e-05,0.00020857190137020854
5,0.0006876515417729402,100,10000000000.0,1e-06,0.0002,3.1619614165893926e-05,0.0,0.0,104.578795,5.523825,104.54974293887659,5.549742939426108,0.9469176797242755,0.00020909948587775318,1.1099485878852214e-05,1.1100015573334494e-05,0.00020913941757223542
5,0.0014211227076380076,100,10000000000.0,1e-06,0.000285,3.7743792535991926e-05,5e-06,4.9999874999843735e-06,105.48224,6.12463,105.13528249112817,6.135282491735667,0.9416439244146855,0.00021027056498225632,1.2270564983471334e-05,1.2271586964536385e-05,0.0002103109889633213
5,0.0029369377184225672,100,10000000000.0,1e-06,0.000215,3.2783667808834335e-05,1.5e-05,8.660189085695532e-06,106.216,7.254695,106.34264968829301,7.342649689020011,0.9309529176624575,0.000212685299376586,1.468529937804002e-05,1.468734509991252e-05,0.00021272674709845832
5,0.006069569584339014,100,10000000000.0,1e-06,0.000215,3.2783667808834335e-05,1.5e-05,8.660189085695533e-06,109.337455,9.868335,108.82618392208649,9.826183923059386,0.9097075394089497,0.00021765236784417296,1.965236784611877e-05,1.9656556051717217e-05,0.000217695958049771
5,0.012543566963660348,100,10000000000.0,1e-06,0.00025,3.535091936569684e-05,3e-05,1.2247265000807319e-05,114.15103,15.01897,113.90898070461249,14.908980706088585,0.8691149669335521,0.00022781796140922497,2.9817961412177167e-05,2.98266882536821e-05,0.0002278660902507291
5,0.02592293736574172,100,10000000000.0,1e-06,0.00023,3.3907749851619476e-05,3.5e-05,1.3228525050057542e-05,123.553575,25.47986,124.2007509321544,25.20075093464938,0.7970966298874032,0.00024840150186430883,5.040150186929876e-05,5.0420051576932824e-05,0.00024845945357194126
5,0.05357317289531737,100,10000000000.0,1e-06,0.000295,3.840006347651003e-05,8.5e-05,2.0614651949523677e-05,145.340535,45.68784,144.56247040435642,45.56247040886724,0.6848250428937454,0.0002891249408087128,9.112494081773449e-05,9.116542117407843e-05,0.0002892048231650536
5,0.11071603551627271,100,10000000000.0,1e-06,0.000435,4.6626750637375544e-05,0.00017,2.9152281214340664e-05,182.35384,84.101915,182.76639594039136,83.7663959486844,0.541675068232978,0.0003655327918807827,0.0001675327918973688,0.0001676233696521096,0.00036566277163551725
5,0.22880930618750026,100,10000000000.0,1e-06,0.000415,4.554271484002683e-05,0.000255,3.570258919182194e-05,245.597145,146.30209,245.16448596390975,146.16448597838024,0.4038105258039011,0.0004903289719278195,0.0002923289719567605,0.00029252648278645826,0.0004905658847575061
5,0.4728646429027017,100,10000000000.0,1e-06,0.00056,5.290020793909981e-05,0.00051,5.048464618079441e-05,305.119595,203.99619,303.41093775345706,204.41093777369403,0.32629014864390804,0.000606821875506914,0.00040882187554738803,0.0004091473131578762,0.0006071867151173864
5,0.9772372209558107,100,10000000000.0,1e-06,0.00024,3.463685897999413e-05,5e-05,1.581099301119319e-05,121.982645,22.836035,121.79570793393938,22.795707936196266,0.8128365250066086,0.00024359141586787877,4.559141587239253e-05,4.5607594241696464e-05,0.00024364699623718127
100,1e-06,100,10000000000.0,1e-06,0.00046,4.7947283551834295e-05,0.00018,2.9997299878489066e-05,199.243735,100.393745,199.01979898009787,100.01979899000001,0.49743794585983847,0.0003980395979601957,0.00020003959798000002,0.00020007902954195008,0.00039811843152214575
100,2.06663203862525e-06,100,10000000000.0,1e-06,0.00048,4.897803589365339e-05,0.000175,2.9577810517345594e-05,198.322535,100.113255,199.04091822948158,100.04091823938583,0.49738516517470555,0.00039808183645896313,0.00020008183647877165,0.00020012130170993442,0.00039816070369012586
100,4.2709679830723475e-06,100,10000000000.0,1e-06,0.00032,3.9993599487918076e-05,0.000215,3.2783667808834335e-05,198.8614,100.30186,199.08456380412596,100.08456381403454,0.49727612276105393,0.0003981691276082519,0.00020016912762806907,0.00020020866245218477,0.0003982480644323676
100,8.826519269759978e-06,100,10000000000.0,1e-06,0.000445,4.715940918841116e-05,0.00019,3.0819141779095657e-05,199.467295,100.21211,199.17476253729134,100.17476254720883,0.4970509251720424,0.00039834952507458265,0.00020034952509441766,0.00020038920378887768,0.00039842860576904266
100,1.8241167512429113e-05,100,10000000000.0,1e-06,0.000435,4.662675063737554e-05,0.0002,3.1619614165893926e-05,198.866055,100.14331,199.36116752490582,100.36116753484178,0.4965861768325376,0.00039872233504981163,0.00020072233506968355,0.00020076231129329404,0.0003988017132734221
100,3.769778120311598e-05,100,10000000000.0,1e-06,0.0004,4.471241438347967e-05,0.0002,3.1619614165893926e-05,200.170165,100.967885,199.74638692207938,100.74638693205344,0.49562848928349135,0.0003994927738441587,0.00020149277386410688,0.00020153336583404236,0.00039957276781409415
100,7.79074424194442e-05,100,10000000000.0,1e-06,0.000395,4.443219412768179e-05,0.000195,3.1221945407037024e-05,200.254075,101.70845,200.54244616679244,101.54244617684533,0.4936610771547495,0.00040108489233358486,0.00020308489235369066,0.00020312676053024935,0.0004011661625101434
100,0.00016100601655137526,100,10000000000.0,1e-06,0.000365,4.271222161161839e-05,0.000215,3.2783667808834335e-05,202.623795,103.07549,202.18740482113924,103.18740483135497,0.4896447435851037,0.00040437480964227845,0.00020637480966270992,0.00020641933102500133,0.0004044587330045696
100,0.000332740192216499,100,10000000000.0,1e-06,0.000435,4.6626750637375544e-05,0.000265,3.639572605403003e-05,206.03832,106.471475,205.58606256126822,106.58606257182042,0.4815501535272805,0.0004111721251225364,0.00021317212514364084,0.00021322219683305306,0.0004112615988119481
100,0.0006876515417729402,100,10000000000.0,1e-06,0.00037,4.3003668448168475e-05,0.0002,3.1619614165893926e-05,212.62427,113.30648,212.60613666832023,113.60613667956746,0.46564977634300075,0.00042521227333664044,0.0002272122733591349,0.00022727410204961533,0.0004253135040271198
100,0.0014211227076380076,100,10000000000.0,1e-06,0.000465,4.820704175740304e-05,0.000235,3.427424506827248e-05,227.605385,128.256225,227.09824044691558,128.0982404595975,0.4359346853260161,0.00045419648089383113,0.00025619648091919497,0.00025628382755974664,0.00045432322953438056
100,0.0029369377184225672,100,10000000000.0,1e-06,0.000505,5.073189208969049e-05,0.000285,3.7743792535991926e-05,256.842535,157.85063,256.9805782875546,157.98057830319496,0.38524312087733414,0.0005139611565751092,0.00031596115660638993,0.000316106424638836,0.0005141458266075506
100,0.006069569584339014,100,10000000000.0,1e-06,0.000595,5.4527331449466704e-05,0.000405,4.4990886577172504e-05,317.29152,219.180575,318.44804997369675,219.44804999542242,0.31088273263551636,0.0006368960999473934,0.00043889609999084485,0.00043918297152990897,0.0006372223734864482
100,0.012543566963660348,100,10000000000.0,1e-06,0.000915,6.760779448406819e-05,0.000615,5.5435628209663136e-05,445.11101,346.77839,444.2472690901451,345.247269124325,0.22284886560716566,0.0008884945381802901,0.0006904945382486499,0.0006911654472884297,0.0008892048492200505
100,0.02592293736574172,100,10000000000.0,1e-06,0.001605,8.951044561949179e-05,0.00122,7.83744728849898e-05,700.171195,601.438355,698.9685795955987,599.9685796549961,0.1416372678695813,0.0013979371591911975,0.0011999371593099922,0.0012017733835491232,0.0013998127854302888
100,0.05357317289531737,100,10000000000.0,1e-06,0.00231,0.00010734672561377918,0.002185,0.00010512434958181667,1203.416765,1102.33401,1202.9211309699078,1103.921131079197,0.0822996598379544,0.0024058422619398154,0.002207842262158394,0.002213513342991029,0.002411552744772371
100,0.11071603551627271,100,10000000000.0,1e-06,0.00457,0.00015147797034552576,0.004215,0.00014538283555839737,2139.31487,2050.985265,2148.4682762344924,2049.4682764373915,0.04607933982186274,0.004296936552468984,0.0040989365528747825,0.004117285111548518,0.0043153245131425655
100,0.22880930618750026,100,10000000000.0,1e-06,0.00743,0.00019384007712544899,0.007,0.00018736328348958873,3706.83988,3594.521925,3692.8209814317115,3593.820981787504,0.026808773060487012,0.007385641962863423,0.007187641963575008,0.007242077654422118,0.0074401170557102545
100,0.4728646429027017,100,10000000000.0,1e-06,0.010135,0.00022640982504078746,0.00991,0.00022373859635744573,5121.802015,5036.541215,5134.420637730146,5035.420638228658,0.019281630097461977,0.010268841275460293,0.010070841276457316,0.010176181244440972,0.010374220645443556
100,0.9772372209558107,100,10000000000.0,1e-06,0.001385,8.315893743308651e-05,0.00106,7.276250408005488e-05,641.223985,542.588665,639.4437660146373,540.4437660681417,0.15482205818271966,0.0012788875320292744,0.0010808875321362834,0.001082404962344306,0.001280444364237262
